{
    "Mesh.png": {
        "u0": 0.0,
        "v0": 0.0,
        "u1": 0.25,
        "v1": 1.0
    },
    "Shader.png": {
        "u0": 0.257812,
        "v0": 0.0,
        "u1": 0.507812,
        "v1": 1.0
    }
}