{
    "Critical.png": {
        "u0": 0.0,
        "v0": 0.0,
        "u1": 0.125,
        "v1": 1.0
    },
    "Error.png": {
        "u0": 0.128906,
        "v0": 0.0,
        "u1": 0.253906,
        "v1": 1.0
    },
    "Info.png": {
        "u0": 0.257812,
        "v0": 0.0,
        "u1": 0.382812,
        "v1": 1.0
    },
    "Mesh.png": {
        "u0": 0.386719,
        "v0": 0.0,
        "u1": 0.511719,
        "v1": 1.0
    },
    "Shader.png": {
        "u0": 0.515625,
        "v0": 0.0,
        "u1": 0.640625,
        "v1": 1.0
    },
    "Warning.png": {
        "u0": 0.644531,
        "v0": 0.0,
        "u1": 0.769531,
        "v1": 1.0
    }
}