{
    "Critical.png": {
        "u0": 0.0,
        "v0": 0.0,
        "u1": 0.0625,
        "v1": 1.0
    },
    "Error.png": {
        "u0": 0.064453,
        "v0": 0.0,
        "u1": 0.126953,
        "v1": 1.0
    },
    "Info.png": {
        "u0": 0.128906,
        "v0": 0.0,
        "u1": 0.191406,
        "v1": 1.0
    },
    "Mesh.png": {
        "u0": 0.193359,
        "v0": 0.0,
        "u1": 0.255859,
        "v1": 1.0
    },
    "Shader.png": {
        "u0": 0.257812,
        "v0": 0.0,
        "u1": 0.320312,
        "v1": 1.0
    },
    "Texture.png": {
        "u0": 0.322266,
        "v0": 0.0,
        "u1": 0.384766,
        "v1": 1.0
    },
    "UnknownFile.png": {
        "u0": 0.386719,
        "v0": 0.0,
        "u1": 0.449219,
        "v1": 1.0
    },
    "Warning.png": {
        "u0": 0.451172,
        "v0": 0.0,
        "u1": 0.513672,
        "v1": 1.0
    }
}